{
  "family_scales": {
    "token": 0.5551636445665887,
    "name_tok": 0.23161694628320303,
    "kind": 1.0,
    "edge": 1.0,
    "source": 1.0,
    "cite": 1.1769227323800515,
    "subtree_shape_p1": 0.5
  },
  "registry_size": 3407,
  "registry_families": {
    "token": 2000,
    "name_tok": 465,
    "kind": 137,
    "edge": 398,
    "source": 3,
    "cite": 316,
    "subtree_shape_p1": 44,
    "subtree_shape_p2_DROPPED": 44
  },
  "oracle_size": 453,
  "final_top1": 79.12621359223301,
  "final_mean_rank": 1.233009708737864,
  "lexical_mask": false,
  "wedge_definitions": [],
  "evolved_families": [
    "subtree_shape_p1"
  ]
}