{
  "family_scales": {
    "token": 0.552959965846065,
    "name_tok": 0.24241445274257586,
    "kind": 1.0,
    "edge": 1.0,
    "cite": 1.2370605971590973,
    "name_bigram": 0.5
  },
  "registry_size": 4051,
  "registry_families": {
    "token": 2000,
    "name_tok": 465,
    "kind": 47,
    "edge": 58,
    "cite": 316,
    "name_bigram": 121,
    "path_segment_DROPPED": 107,
    "long_token_DROPPED": 884,
    "section_num_DROPPED": 10,
    "kind_pair_DROPPED": 43
  },
  "oracle_size": 453,
  "final_top1": 79.12621359223301,
  "final_mean_rank": 1.233009708737864,
  "evolved_families": [
    "name_bigram"
  ]
}